{"cameraMode":{"drawMode":0,"name":"Shaded","section":"Shading Mode"},"sceneLighting":false,"audioPlay":false,"sceneViewState":{"showFog":true,"showMaterialUpdate":false,"showSkybox":false,"showFlares":true,"showImageEffects":true,"showParticleSystems":true},"in2DMode":false,"pivot":{"x":-1.5995543003082276,"y":4.268273830413818,"z":5.567937850952148},"rotation":{"x":-0.07503557950258255,"y":0.8472427725791931,"z":-0.12441994249820709,"w":-0.5109736919403076},"size":11.0948486328125,"orthographic":false}