{"cameraMode":{"drawMode":0,"name":"Shaded","section":"Shading Mode"},"sceneLighting":false,"audioPlay":false,"sceneViewState":{"showFog":true,"showMaterialUpdate":false,"showSkybox":false,"showFlares":true,"showImageEffects":true,"showParticleSystems":true},"in2DMode":false,"pivot":{"x":-2.7817742824554445,"y":1.7318133115768433,"z":0.6453518867492676},"rotation":{"x":-0.11213920265436173,"y":0.08692967891693115,"z":-0.009848210960626603,"w":-0.9898362755775452},"size":7.228671550750732,"orthographic":false}