{"cameraMode":{"drawMode":0,"name":"Shaded","section":"Shading Mode"},"sceneLighting":false,"audioPlay":false,"sceneViewState":{"showFog":true,"showMaterialUpdate":false,"showSkybox":false,"showFlares":true,"showImageEffects":true,"showParticleSystems":true},"in2DMode":false,"pivot":{"x":2.454965591430664,"y":10.217473030090332,"z":-11.820734977722168},"rotation":{"x":-0.047544222325086597,"y":0.17498496174812318,"z":-0.008459445089101792,"w":-0.9833900928497315},"size":1.499999761581421,"orthographic":false}