{"cameraMode":{"drawMode":0,"name":"Shaded","section":"Shading Mode"},"sceneLighting":false,"audioPlay":false,"sceneViewState":{"showFog":true,"showMaterialUpdate":false,"showSkybox":false,"showFlares":true,"showImageEffects":true,"showParticleSystems":true},"in2DMode":false,"pivot":{"x":166.45504760742188,"y":-110.03473663330078,"z":279.8282165527344},"rotation":{"x":-0.16835913062095643,"y":-0.23640066385269166,"z":0.04163019731640816,"w":-0.9560615420341492},"size":232.81326293945313,"orthographic":false}