{"cameraMode":{"drawMode":0,"name":"Shaded","section":"Shading Mode"},"sceneLighting":false,"audioPlay":false,"sceneViewState":{"showFog":true,"showMaterialUpdate":false,"showSkybox":false,"showFlares":true,"showImageEffects":true,"showParticleSystems":true},"in2DMode":false,"pivot":{"x":4.35800838470459,"y":8.599858283996582,"z":1.4057939052581788},"rotation":{"x":-0.012822029180824757,"y":-0.371259480714798,"z":0.005127429496496916,"w":-0.9284284114837647},"size":5.431424617767334,"orthographic":false}