{"cameraMode":{"drawMode":0,"name":"Shaded","section":"Shading Mode"},"sceneLighting":false,"audioPlay":false,"sceneViewState":{"showFog":true,"showMaterialUpdate":false,"showSkybox":false,"showFlares":true,"showImageEffects":true,"showParticleSystems":true},"in2DMode":false,"pivot":{"x":3.564356803894043,"y":2.8087997436523439,"z":-0.19601407647132874},"rotation":{"x":-0.0827145054936409,"y":-0.0038894095923751594,"z":0.00032286258647218347,"w":-0.9965667128562927},"size":6.340439796447754,"orthographic":false}