{"cameraMode":{"drawMode":0,"name":"Shaded","section":"Shading Mode"},"sceneLighting":false,"audioPlay":false,"sceneViewState":{"showFog":true,"showMaterialUpdate":false,"showSkybox":false,"showFlares":true,"showImageEffects":true,"showParticleSystems":true},"in2DMode":false,"pivot":{"x":20.726848602294923,"y":-5.491674423217773,"z":6.926919937133789},"rotation":{"x":-0.16569218039512635,"y":-0.5246922969818115,"z":0.10494419932365418,"w":-0.8283981084823608},"size":24.41400146484375,"orthographic":false}