{"cameraMode":{"drawMode":0,"name":"Shaded","section":"Shading Mode"},"sceneLighting":false,"audioPlay":false,"sceneViewState":{"showFog":true,"showMaterialUpdate":false,"showSkybox":false,"showFlares":true,"showImageEffects":true,"showParticleSystems":true},"in2DMode":false,"pivot":{"x":-1.859236478805542,"y":-2.0375707149505617,"z":-1.1578805446624756},"rotation":{"x":-0.18949425220489503,"y":0.04034027084708214,"z":-0.007791600655764341,"w":-0.9810246229171753},"size":1.4999998807907105,"orthographic":false}