{"cameraMode":{"drawMode":0,"name":"Shaded","section":"Shading Mode"},"sceneLighting":false,"audioPlay":false,"sceneViewState":{"showFog":true,"showMaterialUpdate":false,"showSkybox":false,"showFlares":true,"showImageEffects":true,"showParticleSystems":true},"in2DMode":false,"pivot":{"x":-1.5212726593017579,"y":0.07918044924736023,"z":-0.47576168179512026},"rotation":{"x":-0.12000463157892227,"y":-0.01578713394701481,"z":0.0019086278043687344,"w":-0.9926472306251526},"size":5.131424427032471,"orthographic":false}