{"cameraMode":{"drawMode":0,"name":"Shaded","section":"Shading Mode"},"sceneLighting":false,"audioPlay":false,"sceneViewState":{"showFog":true,"showMaterialUpdate":false,"showSkybox":false,"showFlares":true,"showImageEffects":true,"showParticleSystems":true},"in2DMode":false,"pivot":{"x":-1.9962925910949708,"y":-2.72871994972229,"z":-0.09493398666381836},"rotation":{"x":-0.03477063402533531,"y":-0.0428636334836483,"z":0.0014927256852388383,"w":-0.9984755516052246},"size":5.431424617767334,"orthographic":false}