{"cameraMode":{"drawMode":0,"name":"Shaded","section":"Shading Mode"},"sceneLighting":false,"audioPlay":false,"sceneViewState":{"showFog":true,"showMaterialUpdate":false,"showSkybox":false,"showFlares":true,"showImageEffects":true,"showParticleSystems":true},"in2DMode":false,"pivot":{"x":-0.4019753336906433,"y":0.5003812313079834,"z":2.4728832244873049},"rotation":{"x":-0.058597516268491748,"y":-0.315768301486969,"z":0.01954253762960434,"w":-0.946824848651886},"size":6.331425189971924,"orthographic":false}