{"cameraMode":{"drawMode":0,"name":"Shaded","section":"Shading Mode"},"sceneLighting":true,"audioPlay":false,"sceneViewState":{"showFog":true,"showMaterialUpdate":false,"showSkybox":true,"showFlares":true,"showImageEffects":true,"showParticleSystems":true},"in2DMode":false,"pivot":{"x":587.4769287109375,"y":216.28387451171876,"z":1151.363037109375},"rotation":{"x":-0.019808277487754823,"y":0.003596549155190587,"z":-0.00007120340160327032,"w":-0.9997984170913696},"size":852.5418090820313,"orthographic":false}